id,standard,topic,subtopic,category,type,question,choices,answer,accepted_answers,match_mode,explanation,difficulty,active,part1_label,part1_type,part1_choices,part1_answer,part1_accepted_answers,part2_label,part2_type,part2_choices,part2_answer,part2_accepted_answers,part3_label,part3_type,part3_choices,part3_answer,part3_accepted_answers,part4_label,part4_type,part4_choices,part4_answer,part4_accepted_answers,part5_label,part5_type,part5_choices,part5_answer,part5_accepted_answers,part6_label,part6_type,part6_choices,part6_answer,part6_accepted_answers
b287b031-1a61-6544-3297-4beab31558a5,Glossary,Financial reporting framework,Asset,Definition,text,Define an asset under the Conceptual Framework.,,a present economic resource controlled by the entity as a result of past events,present economic resource controlled by the entity as a result of past events|present economic resource controlled as a result of past events,variants,An asset is a **present economic resource controlled by the entity as a result of past events**.,core,true,,,,,,,,,,,,,,,,,,,,,,,,,,,,,,
49ca22ad-3501-106b-100c-c24e04b37e12,Glossary,Financial reporting framework,Liability,Definition,multi_part,A liability is a present ____ to ____ an economic resource as a result of ____ events.,,,,variants,"A liability needs a **present obligation**, a **transfer** of an economic resource, and **past events**.",core,true,First gap,dropdown,obligation|resource|right|claim,obligation,,Second gap,dropdown,transfer|receive|control|recognise,transfer,,Third gap,dropdown,past|future|possible|market,past,,,,,,,,,,,,,,,,
f298cb96-fc0c-e933-3840-42062fa89871,Glossary,Financial reporting framework,Economic resource,Definition,dropdown,An economic resource is a ____ that has the potential to produce economic benefits.,right|liability|contract|market,right,,strict,An economic resource is a **right** with potential to produce economic benefits.,core,true,,,,,,,,,,,,,,,,,,,,,,,,,,,,,,
e6d88665-b80b-a530-21ae-e54dd5bd3212,Glossary,Financial reporting framework,Materiality,Definition,multi_part,"Information is material if ____, ____ or ____ it could reasonably be expected to influence primary users decisions.",,,,variants,"Materiality turns on whether **omitting, misstating or obscuring** information could influence decisions.",core,true,First action,text,,omitting,omit|omission|omitting information,Second action,text,,misstating,misstate|misstatement|misstating information,Third action,text,,obscuring,obscure|obscuring information,,,,,,,,,,,,,,,
0e104dbe-7a45-2f9f-81e7-f2b81fa7738c,Glossary,Financial reporting framework,Faithful representation,Definition,multi_select,Which qualities make a depiction faithfully representative?,Complete|Neutral|Free from error|Timely|Comparable,Complete|Neutral|Free from error,,strict,"Faithful representation is **complete, neutral and free from error**.",core,true,,,,,,,,,,,,,,,,,,,,,,,,,,,,,,
84556c4d-35cb-f550-da6b-0e693cb69052,Glossary,Financial reporting framework,Relevance,Definition,mcq,Information is relevant when it is capable of making a difference because it has which value?,Predictive value or confirmatory value|Legal form or historic value|Neutral value or prudence value|Comparable value or timely value,Predictive value or confirmatory value,,strict,"Relevant information has **predictive value, confirmatory value or both**.",core,true,,,,,,,,,,,,,,,,,,,,,,,,,,,,,,
fa937481-dd20-c20f-4f75-84bbc61d1be0,Glossary,Financial reporting framework,Recognition,Recognition,mcq,What does recognition mean in financial reporting?,Capturing an item for inclusion in the primary financial statements|Measuring an item only at fair value|Disclosing an item only in the notes|Authorising the financial statements for issue,Capturing an item for inclusion in the primary financial statements,,strict,Recognition is **capturing an item for inclusion** in financial position or performance statements.,core,true,,,,,,,,,,,,,,,,,,,,,,,,,,,,,,
d6b88b08-a57b-d8bf-1561-bb623d6e5d01,Glossary,Financial reporting framework,Fair value,Measurement,dropdown,Fair value assumes an orderly transaction between ____ at the measurement date.,market participants|related parties|management and auditors|existing shareholders,market participants,,strict,Fair value is based on an orderly transaction between **market participants** at the measurement date.,core,true,,,,,,,,,,,,,,,,,,,,,,,,,,,,,,
d036fe06-ce44-0b26-bae5-3face4f40059,Glossary,Revenue,Contract,Definition,dropdown,A contract creates enforceable rights and ____ between two or more parties.,obligations|assets|estimates|cash flows,obligations,,strict,A contract creates enforceable **rights and obligations**.,core,true,,,,,,,,,,,,,,,,,,,,,,,,,,,,,,
9fbe8cfc-4f0d-d014-b545-6656b080da9d,Glossary,Revenue,Contract asset vs receivable,Classification,mcq,Which item is conditional on something other than only the passage of time?,Contract asset|Receivable|Cash equivalent|Contract liability,Contract asset,,strict,A **contract asset** is conditional on something other than the passage of time; a receivable is unconditional.,tricky,true,,,,,,,,,,,,,,,,,,,,,,,,,,,,,,
a44d8d73-79cf-d772-9e21-319d0e96264f,Glossary,Revenue,Contract liability,Definition,text,What is a contract liability?,,an obligation to transfer goods or services to a customer for which consideration has been received or is due,obligation to transfer goods or services after consideration has been received|obligation to transfer goods or services for consideration received or due,variants,A contract liability is an **obligation to transfer goods or services** after consideration has been received or is due.,core,true,,,,,,,,,,,,,,,,,,,,,,,,,,,,,,
d0cdbade-c23a-830d-65cb-66f02dab9d3d,Glossary,Revenue,Performance obligation,Definition,multi_part,A performance obligation is a promise to transfer either a distinct ____ or ____ or a series with the same pattern of transfer.,,,,variants,A performance obligation is a promise to transfer a **distinct good or service** or a qualifying series.,core,true,First item,text,,good,goods|good or service,Second item,text,,service,services|good or service,,,,,,,,,,,,,,,,,,,,
511ac195-0560-369d-3cba-b32fe620994d,Glossary,Revenue,Transaction price,Measurement,text,"In IFRS 15, what is excluded from the transaction price definition?",,amounts collected on behalf of third parties,amounts collected for third parties|amounts collected on behalf of others|amounts collected on behalf of third parties,variants,The transaction price excludes **amounts collected on behalf of third parties**.,core,true,,,,,,,,,,,,,,,,,,,,,,,,,,,,,,
0a328c73-98ee-7ebc-df98-34018cc73753,Glossary,Non-current assets,Cash-generating unit,Definition,text,What is the key independence feature of a cash-generating unit?,,cash inflows that are largely independent of the cash inflows from other assets or groups of assets,largely independent cash inflows|cash inflows largely independent of other assets|generates cash inflows largely independent from other assets,variants,A CGU is the smallest identifiable group with **cash inflows largely independent** of other assets or groups.,core,true,,,,,,,,,,,,,,,,,,,,,,,,,,,,,,
31154971-5210-6ca8-420a-2e4d675051b4,Glossary,Non-current assets,Investment property,Classification,multi_select,Which purposes can make property investment property?,Earn rentals|Capital appreciation|Use in production|Administrative use|Sale in the ordinary course of business,Earn rentals|Capital appreciation,,strict,"Investment property is held to **earn rentals** or for **capital appreciation**, or both.",core,true,,,,,,,,,,,,,,,,,,,,,,,,,,,,,,
f235eb42-7c1b-658b-32f7-f3117423eae8,Glossary,Non-current assets,Intangible asset,Definition,multi_part,"An intangible asset is identifiable, non-monetary and without physical substance; it must be controlled from past events and expected to generate future ____ benefits.",,,,variants,The definition includes control from past events and expected future **economic benefits**.,core,true,Asset nature,dropdown,non-monetary|monetary|financial|biological,non-monetary,,Physical feature,dropdown,without physical substance|held for sale|with physical substance|quoted in a market,without physical substance,,Benefit type,text,,economic,economic benefits|future economic,,,,,,,,,,,,,,,
af1e65dd-32e3-e280-08bb-7a7f474eb432,Glossary,Employee benefits,Post-employment plans,Classification,mcq,Which plan leaves the entity with no legal or constructive obligation to pay further contributions if the fund is short?,Defined contribution plan|Defined benefit plan|Multi-employer defined benefit plan|Termination benefit plan,Defined contribution plan,,strict,A **defined contribution plan** limits the entity to fixed contributions with no further obligation if the fund is short.,tricky,true,,,,,,,,,,,,,,,,,,,,,,,,,,,,,,
672e58fa-a5da-10bd-47e9-9001af4f9c3a,Glossary,Employee benefits,Employee benefits,Definition,text,Employee benefits are consideration given in exchange for what?,,service rendered by employees or for the termination of employment,employee service or termination of employment|services rendered by employees or termination of employment|service by employees or termination benefits,variants,Employee benefits are consideration for **employee service or termination of employment**.,core,true,,,,,,,,,,,,,,,,,,,,,,,,,,,,,,
96d7805e-0e19-991c-72e1-9df651ddd1e6,Glossary,Financial instruments,Derivative,Classification,multi_select,Which are characteristics of a derivative?,Value changes in response to an underlying variable|Requires no or smaller initial net investment|Settled at a future date|Always settled in cash immediately|Always issued by a bank,Value changes in response to an underlying variable|Requires no or smaller initial net investment|Settled at a future date,,strict,"A derivative has an **underlying variable**, **no or smaller initial net investment**, and **future settlement**.",core,true,,,,,,,,,,,,,,,,,,,,,,,,,,,,,,
ece54c01-97be-a0f8-e14d-36aca797e941,Glossary,Financial instruments,Financial instrument,Definition,multi_part,A financial instrument gives rise to a financial ____ of one entity and a financial liability or equity ____ of another.,,,,variants,A financial instrument links a **financial asset** of one entity with a **financial liability or equity instrument** of another.,core,true,First entity,dropdown,asset|liability|expense|income,asset,,Other entity,dropdown,instrument|asset|market|estimate,instrument,,,,,,,,,,,,,,,,,,,,,
f3bac09a-079b-afb7-27fb-1f6f5055adb0,Glossary,Financial instruments,Financial asset,Classification,multi_select,Which items can fall within the glossary definition of a financial asset?,Cash|Equity instrument of another entity|Contractual right to receive cash|Contractual right to exchange financial instruments on potentially favourable terms|Inventory held for sale,Cash|Equity instrument of another entity|Contractual right to receive cash|Contractual right to exchange financial instruments on potentially favourable terms,,strict,"Financial assets include **cash**, another entity equity instrument, and specified favourable contractual rights.",applied,true,,,,,,,,,,,,,,,,,,,,,,,,,,,,,,
dd853a18-4a28-195b-136d-35c33c0f45dd,Glossary,Financial instruments,Financial liability,Classification,multi_select,Which items can fall within the glossary definition of a financial liability?,Contractual obligation to deliver cash|Contractual obligation to deliver another financial asset|Contractual obligation to exchange financial instruments on potentially unfavourable terms|Cash held on demand|Ordinary share investment in another entity,Contractual obligation to deliver cash|Contractual obligation to deliver another financial asset|Contractual obligation to exchange financial instruments on potentially unfavourable terms,,strict,"A financial liability includes contractual obligations to **deliver cash or another financial asset**, or exchange on unfavourable terms.",applied,true,,,,,,,,,,,,,,,,,,,,,,,,,,,,,,
53c78543-1a81-9ede-0a39-b3d7c1d042cf,Glossary,Financial instruments,Expected credit losses,Measurement,text,Expected credit losses are the weighted average of what?,,credit losses with the respective risks of a default occurring as the weights,credit losses weighted by default risk|credit losses weighted by the risks of default occurring|weighted average of credit losses using default risks as weights,variants,Expected credit losses are **credit losses weighted by default risk**.,core,true,,,,,,,,,,,,,,,,,,,,,,,,,,,,,,
8d42f3c1-4df8-9e51-4b5f-acbabaca78e7,Glossary,Provisions and contingencies,Contingent asset,Definition,dropdown,A contingent asset is a ____ asset confirmed by uncertain future events not wholly within the entity control.,possible|present|recognised|financial,possible,,strict,A contingent asset is a **possible asset** whose existence depends on uncertain future events.,core,true,,,,,,,,,,,,,,,,,,,,,,,,,,,,,,
c9548996-dc08-be95-7027-1447fcaab411,Glossary,Provisions and contingencies,Contingent liability,Definition,multi_part,"A contingent liability can be either a ____ obligation, or a present obligation that is not recognised because outflow is not probable or measurement is not reliable.",,,,variants,A contingent liability is either a **possible obligation** or a present obligation not recognised for probability or measurement reasons.,core,true,Route one,dropdown,possible|probable|remote|constructive,possible,,Route two status,dropdown,not recognised|recognised as revenue|capitalised|derecognised,not recognised,,,,,,,,,,,,,,,,,,,,,
367d5a02-fbbf-5853-e81f-e88bd5262245,Glossary,Provisions and contingencies,Provision,Definition,text,Define a provision in four words.,,liability of uncertain timing or amount,a liability of uncertain timing or amount|liability with uncertain timing or amount,variants,A provision is a **liability of uncertain timing or amount**.,core,true,,,,,,,,,,,,,,,,,,,,,,,,,,,,,,
7c4fd617-84a0-0ab0-9c83-7ac03a3cd30c,Glossary,Leases,Lease,Definition,multi_part,A lease conveys the right to ____ an asset for a period of time in exchange for ____.,,,,variants,A lease conveys the **right to use** an asset for a period of time in exchange for **consideration**.,core,true,Right,dropdown,use|own|sell|pledge,use,,Exchange,dropdown,consideration|control|equity|inventory,consideration,,,,,,,,,,,,,,,,,,,,,
aabaee5d-87f9-b165-cade-69acc14d3526,Glossary,Leases,Lease term,Measurement,multi_select,Which periods are included in the lease term definition?,Non-cancellable period|Extension option period if reasonably certain to exercise|Termination option period if reasonably certain not to exercise|All possible renewal periods regardless of certainty|Only the first annual reporting period,Non-cancellable period|Extension option period if reasonably certain to exercise|Termination option period if reasonably certain not to exercise,,strict,Lease term includes the **non-cancellable period** plus extension/termination option periods based on reasonable certainty.,tricky,true,,,,,,,,,,,,,,,,,,,,,,,,,,,,,,
c64284a2-5ac4-8912-e681-1f64245671ed,Glossary,Leases,Finance vs operating lease,Classification,mcq,Which lease transfers substantially all risks and rewards incidental to ownership?,Finance lease|Operating lease|Short-term lease|Low-value asset lease,Finance lease,,strict,A **finance lease** transfers substantially all risks and rewards; an operating lease does not.,core,true,,,,,,,,,,,,,,,,,,,,,,,,,,,,,,
fd8ec1f3-19be-fa27-302d-25b21780f57c,Glossary,Basic groups,Associate,Definition,dropdown,An associate is an entity over which the investor has ____ influence.,significant|dominant|joint|protective,significant,,strict,An associate is an entity over which the investor has **significant influence**.,core,true,,,,,,,,,,,,,,,,,,,,,,,,,,,,,,
b194f53e-1ec6-6a1f-0a8a-82ef75422c5f,Glossary,Basic groups,Control,Definition,text,"In the glossary, control is power to govern policies so as to obtain what?",,benefits from its activities,benefits from the entity activities|benefits from activities|returns or benefits from its activities,variants,Control is power to govern policies so as to obtain **benefits from its activities**.,core,true,,,,,,,,,,,,,,,,,,,,,,,,,,,,,,
5d1f9a8e-903e-254a-78fa-9f7fc4cbb5be,Glossary,Basic groups,Structured entity,Classification,text,"In a structured entity, what is not the dominant factor in deciding who controls it?",,voting or similar rights,voting rights|voting or similar rights|similar rights and voting rights,variants,A structured entity is designed so **voting or similar rights** are not the dominant factor in control.,applied,true,,,,,,,,,,,,,,,,,,,,,,,,,,,,,,
49aa5204-97a0-7544-4e35-6ad3045be30d,Glossary,Joint arrangements,Joint control,Definition,text,Joint control exists only when decisions about relevant activities require what?,,unanimous consent of the parties sharing control,unanimous consent|unanimous consent of parties sharing control|unanimous consent from the parties sharing control,variants,Joint control requires **unanimous consent** of the parties sharing control.,core,true,,,,,,,,,,,,,,,,,,,,,,,,,,,,,,
f8c70145-82c3-a13c-3b53-eba847aebac4,Glossary,Joint arrangements,Joint operation vs joint venture,Classification,mcq,Which joint arrangement gives parties rights to the net assets of the arrangement?,Joint venture|Joint operation|Associate|Structured entity,Joint venture,,strict,A **joint venture** gives rights to net assets; a joint operation gives rights to assets and obligations for liabilities.,tricky,true,,,,,,,,,,,,,,,,,,,,,,,,,,,,,,
63743c46-93ec-db3e-40d1-c386444886e0,Glossary,Foreign transactions and entities,Functional currency,Definition,dropdown,Functional currency is the currency of the primary ____ environment in which the entity operates.,economic|legal|tax|presentation,economic,,strict,Functional currency is the currency of the **primary economic environment**.,core,true,,,,,,,,,,,,,,,,,,,,,,,,,,,,,,
fca60343-4065-9045-454b-9cb571f2ce9c,Glossary,Foreign transactions and entities,Monetary items,Classification,multi_part,Monetary items are units of currency held and assets/liabilities to be received or paid in a ____ or ____ number of currency units.,,,,variants,Monetary items involve currency held or amounts fixed in a **fixed or determinable** number of currency units.,core,true,First descriptor,dropdown,fixed|variable|equity|historic,fixed,,Second descriptor,dropdown,determinable|avoidable|discounted|ordinary,determinable,,,,,,,,,,,,,,,,,,,,,
a1cfc496-c5d2-adb2-6840-e18ad2cf7350,Glossary,Group statements of cash flows,Cash equivalents,Classification,multi_select,Which features are part of the cash equivalents definition?,Short-term|Highly liquid|Readily convertible into known amounts of cash|Subject to insignificant risk of changes in value|Held primarily for capital appreciation,Short-term|Highly liquid|Readily convertible into known amounts of cash|Subject to insignificant risk of changes in value,,strict,"Cash equivalents are **short-term, highly liquid**, readily convertible and exposed to insignificant value risk.",core,true,,,,,,,,,,,,,,,,,,,,,,,,,,,,,,
f10a532f-4ad0-a825-4ae0-2ef1f4231e73,Glossary,Group statements of cash flows,Operating activities,Classification,mcq,Which best describes operating activities?,Principal revenue-producing activities and other activities that are not investing or financing|Acquisition and disposal of long-term assets only|Changes in equity capital and borrowings only|Only cash on hand and demand deposits,Principal revenue-producing activities and other activities that are not investing or financing,,strict,Operating activities are **principal revenue-producing activities** plus other non-investing and non-financing activities.,core,true,,,,,,,,,,,,,,,,,,,,,,,,,,,,,,
74408398-c780-c317-02f1-d94f87ae269e,Glossary,Interpreting financial and non-financial information,Operating segment,Definition,multi_select,Which conditions are in the IFRS 8 operating segment definition?,Engages in business activities that may earn revenues and incur expenses|Results are regularly reviewed by the chief operating decision maker|Discrete financial information is available|Always a separate legal entity|Always externally reportable,Engages in business activities that may earn revenues and incur expenses|Results are regularly reviewed by the chief operating decision maker|Discrete financial information is available,,strict,"An operating segment has business activities, **CODM review**, and **discrete financial information**.",applied,true,,,,,,,,,,,,,,,,,,,,,,,,,,,,,,
f84a05e3-505a-d322-bf2a-d798738ed862,Glossary,Interpreting financial and non-financial information,Dilution vs antidilution,Classification,mcq,Which term means a reduction in EPS or an increase in loss per share from assumed conversion or issue?,Dilution|Antidilution|Potential ordinary share|Contingent share agreement,Dilution,,strict,**Dilution** reduces EPS or increases loss per share; antidilution has the opposite effect.,tricky,true,,,,,,,,,,,,,,,,,,,,,,,,,,,,,,
1d263428-9766-8fad-9835-1e1e21e3050f,Glossary,Narrative reporting and sustainability,Greenwashing,Definition,self_mark,"Explain to yourself what greenwashing means in the glossary, then reveal the answer.",,Practices that mislead intended users or give a false impression about alignment with sustainability goals.,,self_mark,Greenwashing involves **misleading users** or giving a false impression about sustainability alignment.,applied,true,,,,,,,,,,,,,,,,,,,,,,,,,,,,,,
1888072a-4ff3-09e2-d750-2f83a8f162b4,Glossary,Narrative reporting and sustainability,Double materiality,Definition,multi_part,Double materiality considers both ____ materiality and ____ materiality from a sustainability perspective.,,,,variants,Double materiality considers both **impact materiality** and **financial materiality**.,core,true,People and planet lens,dropdown,impact|financial|legal|operational,impact,,Value lens,dropdown,financial|impact|historical|tax,financial,,,,,,,,,,,,,,,,,,,,,
f8f92232-681a-5955-1390-4f26b9458a20,Glossary,Narrative reporting and sustainability,Climate-related risks,Classification,mcq,Which climate-related risks arise from efforts to transition to a lower-carbon economy?,Climate-related transition risks|Climate-related physical risks|Acute physical risks|Chronic physical risks,Climate-related transition risks,,strict,**Climate-related transition risks** arise from efforts to transition to a lower-carbon economy.,core,true,,,,,,,,,,,,,,,,,,,,,,,,,,,,,,
62687ac6-40e8-bd04-7be4-cc933314a2e4,Glossary,Changes in accounting regulation,Stranded assets,Definition,text,What are stranded assets in the glossary?,,assets that turn out to be worth less than expected as a result of changes associated with the energy transition,assets worth less than expected due to energy transition changes|assets that become worth less than expected because of energy transition changes|assets worth less than expected as a result of energy transition,variants,Stranded assets are **assets worth less than expected** because of energy transition changes.,core,true,,,,,,,,,,,,,,,,,,,,,,,,,,,,,,
a51ad344-7ea5-873d-5f8b-eb9d11aab02f,IFRS 15,Revenue,Identifying a contract with a customer,Recognition,multi_part,State the five criteria that must all be met before an arrangement is accounted for as a contract with a customer under IFRS 15.,,,,variants,"The five criteria are **approval and commitment**, **identifiable rights**, **identifiable payment terms**, **commercial substance**, and **probable collection**. They determine whether the IFRS 15 revenue model can be applied.",core,TRUE,Criterion 1,text,,The parties have approved the contract and are committed to perform their obligations,Contract approved|Parties have approved the contract|Approval and commitment,Criterion 2,text,,Each party's rights can be identified,The entity can identify each party's rights|Identifiable rights,Criterion 3,text,,The payment terms can be identified,The entity can identify the payment terms|Identifiable payment terms,Criterion 4,text,,The contract has commercial substance,Commercial substance,Criterion 5,text,,It is probable that the entity will collect the consideration to which it will be entitled,Probable collection|Collectability is probable|It is probable the consideration will be collected,,,,,
134f88f0-e504-15f3-a52b-77efd8b06415,IFRS 15,Revenue,Identifying a contract with a customer,Classification,dropdown,"The payment terms cannot be identified. The entity has received a non-refundable lump sum, but it still owes goods to the customer. The amount received is recognised as ____.",revenue|a contract liability|a trade receivable|other operating income,a contract liability,,strict,"The contract-identification criteria are not met and the entity still has obligations to the customer. The cash received is therefore recognised as **a contract liability**, not revenue.",core,TRUE,,,,,,,,,,,,,,,,,,,,,,,,,,,,,,
92cc4c23-7cc6-4620-a402-fa03dd756414,IFRS 15,Revenue,Identifying a contract with a customer,Recognition,multi_select,The contract-identification criteria are not met. Which conditions must all be present for consideration already received to be recognised as revenue under the no-remaining-obligations exception?,The entity has no remaining obligations to the customer|Substantially all of the consideration has been received|The consideration received is non-refundable|The customer has legal title|Collection of the remaining consideration is probable,The entity has no remaining obligations to the customer|Substantially all of the consideration has been received|The consideration received is non-refundable,,strict,"Revenue is recognised only when there are **no remaining obligations**, **substantially all consideration has been received**, and that consideration is **non-refundable**. All three conditions are required.",applied,TRUE,,,,,,,,,,,,,,,,,,,,,,,,,,,,,,
b5477675-cf02-668a-bceb-0c9cee0b4c72,IFRS 15,Revenue,Identifying a contract with a customer,Recognition,mcq,The IFRS 15 contract-identification criteria were never met. The seller has now terminated the contract and may retain the customer's non-refundable payment. How is the payment recognised?,Revenue|Contract liability|Trade receivable|Refund liability,Revenue,,strict,"When the contract has been **terminated** and the consideration received is **non-refundable**, IFRS 15 permits the amount to be recognised as **revenue**.",applied,TRUE,,,,,,,,,,,,,,,,,,,,,,,,,,,,,,
759504d8-b51d-b812-a68d-c140b8795759,IFRS 15,Revenue,Identifying a contract with a customer,Recognition,mcq,An arrangement does not initially meet all five contract-identification criteria. What must the entity do next?,Permanently exclude the arrangement from IFRS 15|Continue to assess whether the criteria are subsequently met|Recognise all cash received as revenue immediately|Apply the revenue model using the most likely payment terms,Continue to assess whether the criteria are subsequently met,,strict,"The entity must **continue to assess the arrangement**. If all criteria are met later, it applies the IFRS 15 revenue recognition model from that point.",core,TRUE,,,,,,,,,,,,,,,,,,,,,,,,,,,,,,
8c764f1f-abc2-695a-6dc9-2b6dfb09473d,IFRS 15,Revenue,Revenue recognition model,Standard,standard_match,Which standard is titled Revenue from Contracts with Customers?,IAS 18|IFRS 9|IFRS 15|IFRS 18,IFRS 15,,strict,The applicable standard is **IFRS 15 Revenue from Contracts with Customers**.,core,TRUE,,,,,,,,,,,,,,,,,,,,,,,,,,,,,,
5e8e55e5-80bd-230d-cf6f-b6d507a4d7c8,IFRS 15,Revenue,Identifying performance obligations,Definition,multi_select,Which promises can qualify as a performance obligation under IFRS 15?,A distinct good or service|A distinct bundle of goods or services|A series of substantially similar distinct goods or services with the same pattern of transfer|Every administrative activity performed by the entity|Every item listed separately on an invoice,A distinct good or service|A distinct bundle of goods or services|A series of substantially similar distinct goods or services with the same pattern of transfer,,strict,"A performance obligation is a promise to transfer a **distinct good or service**, a **distinct bundle**, or a qualifying **series of distinct goods or services**.",core,TRUE,,,,,,,,,,,,,,,,,,,,,,,,,,,,,,
b4a05ee1-f098-dc48-88e0-066c13f6edc8,IFRS 15,Revenue,Identifying performance obligations,Recognition,multi_part,State the two conditions that must be met for a promised good or service to be distinct.,,,,variants,A promised good or service is distinct only when the customer can **benefit from it** and the promise is **separately identifiable** from other promises in the contract.,core,TRUE,Capable of being distinct,text,,The customer can benefit from the good or service on its own or together with other readily available resources,Customer can benefit on its own|Customer can benefit with readily available resources|Capable of being distinct,Distinct within the contract,text,,The promise to transfer the good or service is separately identifiable from other promises in the contract,Separately identifiable|Distinct within the context of the contract,,,,,,,,,,,,,,,,,,,,
eaa0b932-dda5-7dee-d8d1-017ea05c5b74,IFRS 15,Revenue,Identifying performance obligations,Classification,dropdown,A promised service is not distinct from the other promises in a contract. The entity should ____ until it identifies a distinct bundle.,ignore the service|recognise revenue immediately|combine it with other promised goods or services|account for it as a contract cost,combine it with other promised goods or services,,strict,A non-distinct promise is **combined with other promised goods or services** until a distinct bundle is identified.,core,TRUE,,,,,,,,,,,,,,,,,,,,,,,,,,,,,,
b17e19b8-1c09-101b-0fc5-aa6f3fc7beba,IFRS 15,Revenue,Identifying performance obligations,Recognition,mcq,When may a series of services be treated as one performance obligation?,When the services are substantially the same and have the same pattern of transfer|Whenever the services are invoiced monthly|Whenever the contract lasts more than one year|Only when each service is individually immaterial,When the services are substantially the same and have the same pattern of transfer,,strict,A qualifying series consists of **distinct goods or services that are substantially the same** and have the **same pattern of transfer**.,core,TRUE,,,,,,,,,,,,,,,,,,,,,,,,,,,,,,
2d43b256-b020-740c-68d0-0400f6cc2f59,IFRS 15,Revenue,Identifying performance obligations,Application,calculation,"CommSoft is supplied with a software licence, installation, three years of technical support and three years of updates. Each item is distinct. How many performance obligations are identified?",,4,four,variants,"The contract contains **four performance obligations**: the licence, installation, technical support and updates.",applied,TRUE,,,,,,,,,,,,,,,,,,,,,,,,,,,,,,
f5517192-1f61-d8c8-c2df-53e5ca67109c,IFRS 15,Revenue,Identifying performance obligations,Application,mcq,Why is the CommSoft installation service treated as distinct from the software licence?,The installation significantly customises the software|Only the software supplier can perform the installation|The installation does not significantly modify the software and can be provided by others|Installation is always a separate performance obligation,The installation does not significantly modify the software and can be provided by others,,strict,The installation is distinct because it **does not significantly modify the software** and the customer can obtain installation from **other providers**.,applied,TRUE,,,,,,,,,,,,,,,,,,,,,,,,,,,,,,
24fc58d5-b913-4feb-706a-9697b93e52f0,IFRS 15,Revenue,Determining the transaction price,Measurement,text,What is the transaction price under IFRS 15?,,The amount of consideration to which the entity expects to be entitled in exchange for transferring promised goods or services to the customer,Amount of consideration expected in exchange for promised goods or services|Consideration to which the entity expects to be entitled,variants,"The transaction price is the **consideration the entity expects to be entitled to** for transferring promised goods or services, excluding amounts collected for third parties.",core,TRUE,,,,,,,,,,,,,,,,,,,,,,,,,,,,,,
cb20be1b-cdb5-020a-4e4f-23fbbe85ee9f,IFRS 15,Revenue,Determining the transaction price,Measurement,multi_select,Which matters must be considered when determining the transaction price?,Significant financing component|Non-cash consideration|Consideration payable to a customer|Variable consideration|Customer's depreciation policy|Seller's inventory valuation method,Significant financing component|Non-cash consideration|Consideration payable to a customer|Variable consideration,,strict,"The transaction price considers **financing**, **non-cash consideration**, **payments to customers**, and **variable consideration**.",core,TRUE,,,,,,,,,,,,,,,,,,,,,,,,,,,,,,
e108c6e1-ecd7-cf5f-325e-1162662cbade,IFRS 15,Revenue,Variable consideration,Measurement,dropdown,Variable consideration is included in the transaction price only when it is highly probable that a significant ____ of cumulative revenue will not occur.,increase|reversal|reclassification|impairment,reversal,,strict,The variable amount is constrained unless it is **highly probable that a significant reversal of cumulative revenue will not occur**.,core,TRUE,,,,,,,,,,,,,,,,,,,,,,,,,,,,,,
fcbceb39-1ab5-5b95-581f-da920b20fe70,IFRS 15,Revenue,Variable consideration,Measurement,multi_part,Select the appropriate method for measuring variable consideration in each situation.,,,,strict,"Use the **expected value** for a range of possible outcomes or many similar contracts, and the **most likely amount** where there are only two possible outcomes.",applied,TRUE,Many similar contracts,dropdown,Probability-weighted expected value|Most likely amount,Probability-weighted expected value,,Only two possible outcomes,dropdown,Probability-weighted expected value|Most likely amount,Most likely amount,,,,,,,,,,,,,,,,,,,,,
590eebb8-276a-96fe-b09b-b8839b2e9b98,IFRS 15,Revenue,Significant financing component,Measurement,mcq,When may an entity apply the practical expedient and avoid adjusting promised consideration for a significant financing component?,When payment is expected within one year of transfer|Whenever the customer pays in advance|Whenever the contract is non-refundable|When the financing rate is below 10%,When payment is expected within one year of transfer,,strict,Discounting is generally not required where the period between transfer and payment is **one year or less**.,core,TRUE,,,,,,,,,,,,,,,,,,,,,,,,,,,,,,
4efcf110-4d4b-a9ab-87e5-7ce304c21ed4,IFRS 15,Revenue,Significant financing component,Presentation,multi_part,"Goods are transferred today for payment of 2,000 in two years. The present value is 1,814. Complete the initial accounting treatment.",,,,variants,"Revenue and the receivable are initially recognised at the **present value of 1,814**. The remaining amount is recognised over time as **finance income**, not revenue.",applied,TRUE,Debit,text,,"Trade receivables 1,814",Trade receivable 1814|Receivable 1814|Trade receivables 1814,Credit,text,,"Revenue 1,814",Revenue 1814,,,,,,,,,,,,,,,,,,,,
b550d310-826b-af17-1bdb-ac6515c46e2c,IFRS 15,Revenue,Significant financing component,Measurement,calculation,"A customer will pay 2,000 in two years and the relevant annual rate is 5%. State the calculation used to determine the initial transaction price.",,2000 / 1.05^2,2000/1.05^2|2000 × 1/1.05^2|2000*1/1.05^2,variants,"The promised payment is discounted to present value using **2,000 divided by 1.05 squared**. The initial revenue is approximately **1,814**.",applied,TRUE,,,,,,,,,,,,,,,,,,,,,,,,,,,,,,
29660854-b8aa-4915-0265-5e8dc1bec43a,IFRS 15,Revenue,Consideration payable to a customer,Measurement,multi_part,An entity pays a customer 3 million to alter its shelves. The payment does not purchase a distinct good or service. How is it accounted for?,,,,variants,The payment is initially recognised as a **contract asset** and subsequently reduces the **transaction price and revenue** as related goods are transferred.,applied,TRUE,At payment date,text,,Recognise a contract asset and credit cash,Debit contract asset and credit cash|Contract asset,As goods are transferred,text,,Reduce the transaction price and revenue,Reduce revenue|Reduction of transaction price|Credit contract asset as revenue is recognised,,,,,,,,,,,,,,,,,,,,
00346017-2e2a-9e73-f826-c0a33f0e3974,IFRS 15,Revenue,Variable consideration,Measurement,multi_part,"A product normally sells for 200 per unit but the price falls retrospectively to 180 if annual purchases exceed 1,000 units. At year end the threshold is highly probable. Calculate the revenue for 500 current-quarter units and the reduction required for 75 earlier units.",,,,strict,"Once the threshold becomes highly probable, current sales use **180 per unit** and prior revenue is reduced for the **20 per unit retrospective discount**.",applied,TRUE,Current-quarter revenue,text,,90000,"90,000|$90,000",Prior-quarter revenue reduction,text,,1500,"1,500|$1,500",,,,,,,,,,,,,,,,,,,,
637237fa-552d-7cd3-e9d7-1aa714115cad,IFRS 15,Revenue,Allocating the transaction price,Measurement,text,How is the transaction price allocated between separate performance obligations?,,In proportion to their relative stand-alone selling prices at contract inception,Relative stand-alone selling prices|Proportionately based on stand-alone selling prices at contract inception|Based on relative standalone selling prices,variants,The transaction price is allocated using the **relative stand-alone selling prices at contract inception**.,core,TRUE,,,,,,,,,,,,,,,,,,,,,,,,,,,,,,
65304dd1-9495-91cf-2e78-d56515b8a9b3,IFRS 15,Revenue,Allocating the transaction price,Measurement,multi_part,"A car and two years of servicing are sold together for 21,000. Their stand-alone selling prices are 20,520 and 1,080. State the allocated revenue amounts.",,,,variants,"The total stand-alone selling price is 21,600. The relative proportions are **95% for the car** and **5% for servicing**, giving allocated revenue of **19,950** and **1,050**.",applied,TRUE,Car,text,,19950,"19,950|$19,950",Servicing,text,,1050,"1,050|$1,050",,,,,,,,,,,,,,,,,,,,
dd78303a-bb78-0a44-2053-5e8d7d788560,IFRS 15,Revenue,Satisfaction of performance obligations,Recognition,self_mark,Recall the IFRS 15 meaning of control of an asset.,,The ability to direct the use of and obtain substantially all of the remaining benefits from the asset,,self_mark,Control is the **ability to direct the use of** the asset and **obtain substantially all of its remaining benefits**.,core,TRUE,,,,,,,,,,,,,,,,,,,,,,,,,,,,,,
02932d38-046d-85ea-a070-9988206a8a22,IFRS 15,Revenue,Performance obligations satisfied over time,Recognition,self_mark,Recall the three alternative criteria under which a performance obligation is satisfied over time.,,The customer simultaneously receives and consumes the benefits as the entity performs; the entity creates or enhances an asset controlled by the customer; or the asset has no alternative use to the entity and the entity has an enforceable right to payment for performance completed to date,,self_mark,"Only one criterion is required: **simultaneous receipt and consumption**, **creation or enhancement of a customer-controlled asset**, or **no alternative use plus an enforceable right to payment**.",core,TRUE,,,,,,,,,,,,,,,,,,,,,,,,,,,,,,
43340d96-29a8-12a8-4aa1-1827f838df14,IFRS 15,Revenue,Performance obligations satisfied at a point in time,Recognition,multi_select,Which are indicators that control has transferred at a point in time?,The entity has a present right to payment|The customer has legal title|Physical possession has transferred|The customer has significant risks and rewards of ownership|The customer has accepted the asset|The seller has prepared an internal invoice|The seller expects to earn a profit,The entity has a present right to payment|The customer has legal title|Physical possession has transferred|The customer has significant risks and rewards of ownership|The customer has accepted the asset,,strict,"Indicators include **right to payment**, **legal title**, **physical possession**, **risks and rewards**, and **customer acceptance**.",core,TRUE,,,,,,,,,,,,,,,,,,,,,,,,,,,,,,
93d1312b-22fd-a1e2-609e-ec83b8c6afee,IFRS 15,Revenue,Timing of revenue recognition,Application,mcq,Gerrard is constructing a specialised asset. It may retain a deposit if the customer defaults but has no right to payment for the remaining work until delivery. When is revenue recognised?,Over time as construction progresses|When costs are incurred|At a point in time when the asset is delivered|Immediately when the deposit is received,At a point in time when the asset is delivered,,strict,Gerrard lacks an **enforceable right to payment for performance completed to date**. The single performance obligation is therefore satisfied **at delivery**.,tricky,TRUE,,,,,,,,,,,,,,,,,,,,,,,,,,,,,,
8cdbe97c-9d69-bb88-2fa3-0441d9e9a888,IFRS 15,Revenue,Costs of obtaining a contract,Recognition,mcq,How should incremental costs of obtaining a contract be accounted for when the entity expects to recover them?,Recognise an asset|Expense immediately in all cases|Recognise revenue|Recognise a contract liability,Recognise an asset,,strict,Incremental costs of obtaining a contract are recognised as **an asset** when the entity **expects to recover them**.,core,TRUE,,,,,,,,,,,,,,,,,,,,,,,,,,,,,,
cd356dbf-28d0-a756-b979-1e7345afd61d,IFRS 15,Revenue,Costs of obtaining a contract,Classification,dropdown,An incremental cost of obtaining a contract is a cost that the entity would ____ if the contract had not been obtained.,still incur|not have incurred|capitalise under IAS 16|charge to the customer,not have incurred,,strict,"An incremental cost is one the entity **would not have incurred if the contract had not been obtained**, such as a success-based sales commission.",core,TRUE,,,,,,,,,,,,,,,,,,,,,,,,,,,,,,
fcfa85ac-83db-445f-cdf8-df33adf65823,IFRS 15,Revenue,Costs to fulfil a contract,Recognition,multi_select,Which conditions must all be met before costs to fulfil a contract are recognised as an asset under IFRS 15?,The costs relate directly to an identifiable contract or anticipated contract|The costs generate or enhance resources used to satisfy future performance obligations|The costs are expected to be recovered|The costs have already been invoiced to the customer|The costs relate to general administration,The costs relate directly to an identifiable contract or anticipated contract|The costs generate or enhance resources used to satisfy future performance obligations|The costs are expected to be recovered,,strict,"Capitalisation requires all three conditions: **direct relationship to a contract**, **creation or enhancement of resources for future performance**, and **expected recovery**.",core,TRUE,,,,,,,,,,,,,,,,,,,,,,,,,,,,,,
3c7a7828-a67b-5ca3-bbaa-182922694f24,IFRS 15,Revenue,Costs to fulfil a contract,Classification,mcq,Costs incurred to fulfil a contract fall within the scope of IAS 2. Which standard should be applied to those costs?,IFRS 15|IAS 2|IAS 37|IFRS 9,IAS 2,,strict,The IFRS 15 fulfilment-cost rules apply only where the costs are **not within the scope of another standard**. Costs within IAS 2 are accounted for under **IAS 2**.,applied,TRUE,,,,,,,,,,,,,,,,,,,,,,,,,,,,,,
b37f7965-9deb-0ca0-8c3b-87cea178a0df,IFRS 15,Revenue,Amortisation of contract cost assets,Measurement,text,On what basis is an asset arising from contract costs amortised?,,On a systematic basis consistent with the pattern of transfer of the related goods or services,Systematically in line with transfer of the related goods or services|Consistent with the pattern of transfer of the goods or services|Systematic basis matching the transfer pattern,variants,The asset is amortised to profit or loss on a **systematic basis consistent with the transfer pattern** of the related goods or services.,core,TRUE,,,,,,,,,,,,,,,,,,,,,,,,,,,,,,
2eae4d89-4f86-5c96-8799-e67121d1c1e3,IFRS 15,Revenue,Costs of obtaining a contract,Measurement,mcq,When may incremental costs of obtaining a contract be expensed immediately as a practical expedient?,When the expected amortisation period is one year or less|When the contract value is immaterial|When payment is due within one year|When the customer may cancel the contract,When the expected amortisation period is one year or less,,strict,The practical expedient permits immediate expense recognition when the asset would otherwise have an **amortisation period of one year or less**.,core,TRUE,,,,,,,,,,,,,,,,,,,,,,,,,,,,,,
faea571a-5cad-e1dc-1a4d-8142f45cc7c1,IFRS 15,Revenue,Impairment of contract cost assets,Measurement,multi_part,Complete the IFRS 15 impairment test for a contract cost asset.,,,,variants,An impairment loss is recognised when carrying amount exceeds **remaining expected consideration less unrecognised direct costs**.,tricky,TRUE,Amount A,text,,The remaining consideration the entity expects to receive for the related goods or services,Remaining expected consideration|Expected remaining consideration,Less,text,,The direct costs of providing those goods or services that have not yet been recognised as expenses,Unrecognised direct costs|Remaining direct costs not yet expensed,Compare with,dropdown,Carrying amount of the contract cost asset|Original contract price|Cash received to date,Carrying amount of the contract cost asset,,,,,,,,,,,,,,,,
4e92770d-2093-8b01-4ac3-fc9970f6613d,IFRS 15,Revenue,Presentation of contract balances,Presentation,multi_part,Classify each balance under IFRS 15.,,,,strict,A **contract asset** is conditional on something other than time; a **receivable** is unconditional; a **contract liability** arises when consideration is received or due before transfer.,core,TRUE,Goods transferred before payment right becomes unconditional,dropdown,Contract asset|Receivable|Contract liability,Contract asset,,Only passage of time is required before payment is due,dropdown,Contract asset|Receivable|Contract liability,Receivable,,Customer pays before goods or services are transferred,dropdown,Contract asset|Receivable|Contract liability,Contract liability,,,,,,,,,,,,,,,,
4570e826-0ee4-245e-6b99-de1fbcd0fe23,IFRS 15,Revenue,Sale with a right of return,Recognition,multi_select,"When products are transferred with a right of return and some returns are expected, which balances should normally be recognised?",Revenue for consideration expected to be retained|Revenue for all invoiced consideration|A refund liability|An asset for the right to recover returned products|A provision for the full sales price|An immediate write-off of all inventory,Revenue for consideration expected to be retained|A refund liability|An asset for the right to recover returned products,,strict,"Recognise **revenue only for the amount expected to be retained**, together with a **refund liability** and an **asset for the right to recover returned products**.",core,TRUE,,,,,,,,,,,,,,,,,,,,,,,,,,,,,,
3f8bc992-1b87-1da6-f1df-1cb76fec8a57,IFRS 15,Revenue,Sale with a right of return,Recognition,dropdown,Revenue for goods subject to a right of return is recognised only to the extent it is highly probable that a significant ____ will not occur.,impairment|reversal|cash outflow|financing loss,reversal,,strict,The variable consideration constraint requires it to be **highly probable that a significant reversal of cumulative revenue will not occur**.,core,TRUE,,,,,,,,,,,,,,,,,,,,,,,,,,,,,,
fd144b69-512e-e0ec-2324-1356e108dc2f,IFRS 15,Revenue,Sale with a right of return,Application,mcq,A new product is sold with a 90-day return right. The entity has no historical or market evidence from which to estimate returns. What is the appropriate revenue treatment at the sale date?,Recognise all revenue because control transferred|Recognise half of the revenue|Do not recognise revenue until the return right lapses|Recognise revenue and a provision based on management's preferred estimate,Do not recognise revenue until the return right lapses,,strict,"Without reliable evidence, the entity cannot conclude that a significant reversal is highly improbable. It therefore **does not recognise revenue until the return right lapses**, assuming the goods are not returned.",applied,TRUE,,,,,,,,,,,,,,,,,,,,,,,,,,,,,,
f1f95e89-5659-6edc-20b2-c06b7de5a1d6,IFRS 15,Revenue,Sale with a right of return,Presentation,multi_part,"A product costing 8,000 is transferred, but no revenue can yet be recognised because the return outcome is too uncertain. Complete the inventory-related entry.",,,,variants,The inventory is reclassified to an **asset for the right to recover the product**. No cost of sales is recognised while the sale remains unrecognised.,applied,TRUE,Debit,text,,"Asset for right to recover product 8,000",Asset for right to recover returned product 8000|Right of recovery asset 8000,Credit,text,,"Inventory 8,000",Inventory 8000,,,,,,,,,,,,,,,,,,,,
ab42ea87-a386-4e7f-a98a-42737b22a0ed,IFRS 15,Revenue,Sale with a right of return,Presentation,multi_part,"A return right lapses and the customer keeps the product. The cash selling price is 10,000 and cost is 8,000. State the balances recognised at that date.",,,,variants,"Once the return right lapses, recognise **receivable and revenue of 10,000**, and transfer the **8,000 recovery asset to cost of sales**.",applied,TRUE,Revenue entry,text,,"Debit receivable 10,000 and credit revenue 10,000",DR receivable 10000 CR revenue 10000|Receivable and revenue 10000,Cost entry,text,,"Debit cost of sales 8,000 and credit asset for right to recover product 8,000",DR cost of sales 8000 CR recovery asset 8000|Cost of sales and recovery asset 8000,,,,,,,,,,,,,,,,,,,,
79f6f32a-d6ff-ae64-f5ce-8503837e7483,IFRS 15,Revenue,Sale with a right of return,Measurement,mcq,"A product is payable 24 months after delivery, but revenue cannot be recognised until a 3-month return right lapses. When does interest begin to accrue on the receivable?",At the original delivery date|When the return right lapses and the receivable is recognised|When cash is collected|At the end of the reporting period,When the return right lapses and the receivable is recognised,,strict,"No receivable exists during the uncertain return period. **Interest begins only when the receivable is recognised**, after the return right lapses.",tricky,TRUE,,,,,,,,,,,,,,,,,,,,,,,,,,,,,,
522a1d6a-e2aa-b65e-0d7e-9994897b04d9,IFRS 15,Revenue,Sale with a right of return,Measurement,mcq,"A product has a cash selling price of 10,000 and deferred consideration of 12,100. Once revenue recognition becomes appropriate, what amount is initially recognised as revenue?","10,000|12,100|2,100|The full amount expected at collection date","10,000",,strict,"Revenue is initially measured at the **cash selling price of 10,000**. The additional 2,100 is a **financing return**, recognised separately over time.",applied,TRUE,,,,,,,,,,,,,,,,,,,,,,,,,,,,,,
e4dcb7dc-eb3c-0ead-a8b7-0d2246e12aa3,IFRS 15,Revenue,Warranties,Classification,dropdown,A customer can purchase an extended warranty separately from the product. The warranty is accounted for as ____.,an IAS 37 provision only|a separate performance obligation|a reduction of revenue|a contract acquisition cost,a separate performance obligation,,strict,A separately purchasable warranty represents a **distinct service** and is therefore a **separate performance obligation**.,core,TRUE,,,,,,,,,,,,,,,,,,,,,,,,,,,,,,
32fb41cd-c321-b569-6b27-143ef70f4851,IFRS 15,Revenue,Warranties,Classification,mcq,A warranty cannot be purchased separately and only assures that the product complies with agreed specifications. How should it be accounted for?,As a separate performance obligation under IFRS 15|As a provision under IAS 37|As variable consideration|As a contract asset,As a provision under IAS 37,,strict,"An assurance-only warranty that is not sold separately is accounted for under **IAS 37**, rather than as a separate performance obligation.",core,TRUE,,,,,,,,,,,,,,,,,,,,,,,,,,,,,,
600463f3-bc14-13ae-c71e-bec5c279145f,IFRS 15,Revenue,Warranties,Classification,mcq,A compulsory warranty both assures compliance with specifications and provides additional maintenance services. What is the key accounting consequence?,The entire warranty must always be an IAS 37 provision|The service element is a performance obligation|The warranty is ignored because it is compulsory|All product revenue is deferred until the warranty expires,The service element is a performance obligation,,strict,"Where a warranty provides an **additional service**, that service is a **performance obligation**, even if the warranty is not separately purchasable.",applied,TRUE,,,,,,,,,,,,,,,,,,,,,,,,,,,,,,
99a7eba2-be5f-41d1-8e53-d6a505677dde,IFRS 15,Revenue,Warranties,Classification,multi_part,"For each warranty feature, select the resulting accounting treatment.",,,,strict,The decision turns on whether the warranty is **sold separately** or provides a **service beyond assurance**.,applied,TRUE,Separately purchasable warranty,dropdown,Separate performance obligation|IAS 37 provision,Separate performance obligation,,Assurance-only warranty not separately purchasable,dropdown,Separate performance obligation|IAS 37 provision,IAS 37 provision,,Additional service beyond assurance,dropdown,Service element is a performance obligation|Entire warranty is only an IAS 37 provision,Service element is a performance obligation,,,,,,,,,,,,,,,,
130aaebe-9412-9472-196d-f1d454d7c0db,IFRS 15,Revenue,Principal versus agent,Presentation,dropdown,An entity controls the specified good before transfer to the customer. Revenue is normally recognised at the ____ amount of consideration.,net|gross|discounted commission|cost,gross,,strict,A principal controls the good or service before transfer and recognises the **gross consideration as revenue**.,core,TRUE,,,,,,,,,,,,,,,,,,,,,,,,,,,,,,
e24df26b-3fff-059b-5875-aad97f26b47f,IFRS 15,Revenue,Principal versus agent,Presentation,mcq,An entity merely arranges for another party to provide goods to the customer. What amount should it recognise as revenue?,The gross customer payment|Its fee or commission|The supplier's cost|The customer payment less inventory cost,Its fee or commission,,strict,An agent does not control the specified good before transfer and recognises only its **fee or commission** as revenue.,core,TRUE,,,,,,,,,,,,,,,,,,,,,,,,,,,,,,
8c568feb-1aaf-2168-87f6-6ecbee5e3736,IFRS 15,Revenue,Principal versus agent,Classification,multi_select,Which factors indicate that an entity may control the specified good or service before transfer and therefore act as principal?,Primary responsibility for fulfilling the promise|Inventory risk|Discretion in establishing price|Receiving cash before the supplier|Operating a website|Charging a percentage-based fee,Primary responsibility for fulfilling the promise|Inventory risk|Discretion in establishing price,,strict,"Key indicators of control include **primary fulfilment responsibility**, **inventory risk**, and **pricing discretion**.",core,TRUE,,,,,,,,,,,,,,,,,,,,,,,,,,,,,,
90b5f9f5-d453-4d07-75c6-6053793680d7,IFRS 15,Revenue,Principal versus agent,Application,mcq,A website connects customers with suppliers. Suppliers set prices and deliver directly. The website has no inventory risk or obligation if suppliers fail and earns 5% commission. How should it report revenue?,Gross customer receipts|The 5% commission only|Gross receipts less delivery costs|No revenue until the supplier is paid,The 5% commission only,,strict,"The website is an **agent** because it does not control the goods, bear inventory risk, set prices, or fulfil the customer promise. Revenue is the **5% commission**.",applied,TRUE,,,,,,,,,,,,,,,,,,,,,,,,,,,,,,
27d2d301-c7a2-f584-fcfd-9066615a8a4d,IFRS 15,Revenue,Principal versus agent,Recognition,text,What is the central question when deciding whether an entity is a principal or an agent?,,Whether the entity controls the specified good or service before it is transferred to the customer,Control before transfer|Whether the entity controls the good or service before transfer|Whether control is obtained before transfer,variants,The decisive issue is whether the entity **controls the specified good or service before transfer** to the customer.,core,TRUE,,,,,,,,,,,,,,,,,,,,,,,,,,,,,,
ee191c1e-1c79-c677-5e74-66b4261c5872,IFRS 15,Revenue,Non-refundable upfront fees,Recognition,mcq,A customer pays a non-refundable activation fee. The activation work is only an internal administrative task and transfers no good or service. When is the fee recognised as revenue?,Immediately when received|When the administrative work is completed|As the future goods or services are provided|Only when the contract is terminated,As the future goods or services are provided,,strict,"Because the activation activity transfers no service, the fee is an **advance payment for future goods or services** and is recognised as those services are provided.",applied,TRUE,,,,,,,,,,,,,,,,,,,,,,,,,,,,,,
f72b6c5e-544c-a0ea-b0a3-499040889c9f,IFRS 15,Revenue,Non-refundable upfront fees,Recognition,multi_part,Complete the decision process for a non-refundable upfront fee.,,,,variants,"First ask whether the fee relates to a **promised good or service transferred to the customer**. If not, it is an **advance payment** for future performance.",core,TRUE,Fee relates to a transferred good or service,text,,Assess whether that good or service is a separate performance obligation,Determine whether it is a separate performance obligation|Assess if it is distinct,Fee does not relate to a transferred good or service,text,,Treat it as an advance payment and recognise revenue when future goods or services are provided,Advance payment for future services|Recognise over future goods or services,,,,,,,,,,,,,,,,,,,,
3f783f1f-8833-56e6-8700-b466df2e4ec3,IFRS 15,Revenue,Non-refundable upfront fees,Classification,dropdown,An internal account setup activity that does not transfer a benefit to the customer is ____ a performance obligation.,always|not|automatically a separate|partly,not,,strict,An **administrative task does not transfer a good or service** to the customer and is therefore **not a performance obligation**.,core,TRUE,,,,,,,,,,,,,,,,,,,,,,,,,,,,,,
efa7c22d-5517-a26a-cc9a-d6470d7ad573,IFRS 15,Revenue,Consignment arrangements,Recognition,mcq,Goods are delivered to a dealer on consignment. The dealer does not control them and may return unsold goods. What should the original seller do on delivery to the dealer?,Recognise revenue and derecognise inventory|Retain inventory and recognise no revenue|Recognise commission income|Recognise a receivable for the selling price,Retain inventory and recognise no revenue,,strict,Delivery to the consignee does not transfer control. The seller **retains the goods in inventory** and **does not recognise revenue** until control passes to the final customer.,applied,TRUE,,,,,,,,,,,,,,,,,,,,,,,,,,,,,,
b2f60ccf-bc29-1e91-19a7-2fab5cb98f91,IFRS 15,Revenue,Consignment arrangements,Recognition,text,"In a consignment arrangement, when does the original seller normally recognise revenue?",,When control of the product passes to the final customer,On sale to the end customer|When the final customer obtains control|When control passes to the end customer,variants,"Revenue is recognised only when **control passes to the final customer**, not merely when goods are delivered to the intermediary.",core,TRUE,,,,,,,,,,,,,,,,,,,,,,,,,,,,,,
2ad7b03d-e634-f7f1-8b30-9bb1c302e491,IFRS 15,Revenue,Repurchase agreements,Classification,multi_part,An entity sells an asset but is obliged to repurchase it later. Select the treatment for each repurchase price.,,,,strict,"Under a forward, the customer does not obtain control. A repurchase price below the original selling price generally produces a **lease**; a price equal to or above it produces a **financing arrangement**.",applied,TRUE,Repurchase price below original selling price,dropdown,Lease|Financing arrangement|Outright sale,Lease,,Repurchase price equal to or above original selling price,dropdown,Lease|Financing arrangement|Outright sale,Financing arrangement,,,,,,,,,,,,,,,,,,,,,
49c8020a-55dd-289c-81da-294cdfd2279f,IFRS 15,Revenue,Repurchase agreements,Recognition,mcq,An entity has a call option allowing it to repurchase an asset it has sold. Does the customer obtain control of the asset at the original sale date?,Yes because physical possession transferred|Yes unless the option is exercised|No because the seller retains the right to repurchase|Only if the customer pays cash immediately,No because the seller retains the right to repurchase,,strict,"With a seller-held **call option**, the customer does not obtain control because the seller retains the right to reclaim the asset.",core,TRUE,,,,,,,,,,,,,,,,,,,,,,,,,,,,,,
0a6035b9-d087-0b6b-1e28-3af1125c9b1d,IFRS 15,Revenue,Repurchase agreements,Classification,mcq,A customer has a put option. The repurchase price is below the original selling price and the customer has no significant economic incentive to exercise it. How is the arrangement accounted for?,Lease|Financing arrangement|Outright sale with a right of return|Consignment arrangement,Outright sale with a right of return,,strict,"Where the put price is below the original price and exercise is not economically attractive, account for an **outright sale with a right of return**.",applied,TRUE,,,,,,,,,,,,,,,,,,,,,,,,,,,,,,
2c45c8a2-1236-05e2-0b92-7852eaf86510,IFRS 15,Revenue,Repurchase agreements,Classification,mcq,"A customer has a put option. The repurchase price is below the original selling price, but the customer has a significant economic incentive to exercise it. What is the treatment?",Outright sale|Lease|Financing arrangement|Contract liability only,Lease,,strict,A significant economic incentive to exercise the put means the customer has not obtained substantive control. The arrangement is accounted for as a **lease**.,applied,TRUE,,,,,,,,,,,,,,,,,,,,,,,,,,,,,,
9c4c947d-b446-bc28-0fe4-eb2dd2db6ff7,IFRS 15,Revenue,Repurchase agreements,Classification,dropdown,A put option is accounted for as a financing arrangement when the repurchase price is at least the original selling price and is ____ the expected market value at the repurchase date.,below|equal to or below|above|unrelated to,above,,strict,A put arrangement is a **financing arrangement** where the repurchase price is at least the original selling price and **above the expected market value**.,tricky,TRUE,,,,,,,,,,,,,,,,,,,,,,,,,,,,,,
bbf00bc4-c599-20a9-e0c6-93cc0a17b72f,IFRS 15,Revenue,Repurchase agreements,Classification,multi_part,Classify each repurchase arrangement.,,,,strict,Forwards and call options prevent transfer of control. Put options require assessment of **repurchase price** and the customer's **economic incentive to exercise**.,tricky,TRUE,Seller must repurchase below original price,dropdown,Lease|Financing arrangement|Sale with right of return,Lease,,Seller may repurchase at or above original price,dropdown,Lease|Financing arrangement|Sale with right of return,Financing arrangement,,Customer may require repurchase below original price and lacks economic incentive,dropdown,Lease|Financing arrangement|Sale with right of return,Sale with right of return,,Customer may require repurchase below original price and has economic incentive,dropdown,Lease|Financing arrangement|Sale with right of return,Lease,,Customer may require repurchase above original price and above expected market value,dropdown,Lease|Financing arrangement|Sale with right of return,Financing arrangement,,,,,,
20bf62d3-485d-d4f0-c83a-e2e8ca8c7c62,IFRS 15,Revenue,Change in transaction price,Measurement,mcq,A transaction price changes after contract inception. On what basis is the change normally allocated to performance obligations?,Current stand-alone selling prices|Original allocation percentages based on stand-alone selling prices at contract inception|Relative costs incurred to date|Management's latest revenue forecast,Original allocation percentages based on stand-alone selling prices at contract inception,,strict,"A change in transaction price is normally allocated using the **same basis as the original allocation**, using stand-alone selling prices at **contract inception**.",core,TRUE,,,,,,,,,,,,,,,,,,,,,,,,,,,,,,
b2530676-c54f-8529-2208-1e80b12d31b3,IFRS 15,Revenue,Change in transaction price,Measurement,mcq,When may a change in transaction price be allocated entirely to one specific performance obligation?,Whenever that obligation has the highest stand-alone selling price|When the change relates specifically to that obligation and the allocation objective is met|Only when the obligation is already satisfied|Whenever management considers it convenient,When the change relates specifically to that obligation and the allocation objective is met,,strict,A change may be allocated to a specific obligation when it **relates specifically to that obligation** and doing so meets IFRS 15's **allocation objective**.,applied,TRUE,,,,,,,,,,,,,,,,,,,,,,,,,,,,,,
7ebf6a86-7de0-7a0f-72c2-1e6d75b3064c,IFRS 15,Revenue,Change in transaction price,Recognition,dropdown,A change in transaction price allocated to a performance obligation already satisfied is recognised ____ in the period of the change.,as an adjustment to revenue|as a contract asset only|in other comprehensive income|only when cash is received,as an adjustment to revenue,,strict,A change allocated to a satisfied obligation is recognised immediately as **revenue or a reduction of revenue** in the period of change.,core,TRUE,,,,,,,,,,,,,,,,,,,,,,,,,,,,,,
70f6f44a-02e0-ff8a-ebbc-02c9c68f2e4c,IFRS 15,Revenue,Change in transaction price,Recognition,mcq,How is a price change allocated to an unsatisfied performance obligation recognised?,Immediately in full|As the performance obligation is subsequently satisfied|Only on contract completion|As finance income,As the performance obligation is subsequently satisfied,,strict,"A change allocated to an unsatisfied obligation is recognised on the **same basis as the original amount**, as that obligation is satisfied.",core,TRUE,,,,,,,,,,,,,,,,,,,,,,,,,,,,,,
f0759dfd-6622-c46c-6b80-1a030a230eb7,IFRS 15,Revenue,Change in transaction price,Recognition,multi_part,A 100 increase in transaction price is allocated 40 to an obligation already satisfied and 60 to an obligation not yet satisfied. State the treatment.,,,,variants,"The amount relating to the completed obligation is recognised **immediately**, while the remainder is recognised when the **unsatisfied obligation is performed**.",applied,TRUE,Satisfied obligation,text,,Recognise 40 as revenue immediately,Revenue 40 immediately|Immediate revenue of 40,Unsatisfied obligation,text,,Recognise 60 as the obligation is satisfied,Recognise 60 later|Revenue 60 when performance occurs,,,,,,,,,,,,,,,,,,,,
db0065ed-6c59-7b48-d716-65a8943ab132,IFRS 15,Revenue,Contract modifications,Classification,multi_select,Which changes may constitute a contract modification under IFRS 15?,A change in contract scope|A change in contract price|A change creating new enforceable rights and obligations|A change in the entity's internal budget|A change in estimated production cost only,A change in contract scope|A change in contract price|A change creating new enforceable rights and obligations,,strict,"A contract modification is an approved change in **scope**, **price**, or both that creates or changes **enforceable rights and obligations**.",core,TRUE,,,,,,,,,,,,,,,,,,,,,,,,,,,,,,
a9339359-efa1-ac7d-1788-132308399b34,IFRS 15,Revenue,Contract modifications,Recognition,mcq,"The parties are discussing a contract modification, but it has not yet been approved. What should the entity do?",Account for the expected modification immediately|Continue applying IFRS 15 to the original contract until approval|Terminate the original contract|Recognise a provision for the expected price change,Continue applying IFRS 15 to the original contract until approval,,strict,"Until both parties approve the modification, the entity continues to account for the **original contract**.",core,TRUE,,,,,,,,,,,,,,,,,,,,,,,,,,,,,,
54044023-09ff-b60b-762c-e9d7b40dc78f,IFRS 15,Revenue,Contract modifications,Classification,multi_part,State the two conditions required for a contract modification to be accounted for as a separate contract.,,,,variants,A separate contract requires both **distinct additional goods or services** and a price increase reflecting their **stand-alone selling prices**.,core,TRUE,Scope condition,text,,The contract scope increases through additional distinct goods or services,Additional distinct goods or services|Scope increases with distinct goods or services,Price condition,text,,The contract price increases by an amount reflecting the stand-alone selling prices of the additional goods or services,Price reflects stand-alone selling price|Increase at standalone selling prices,,,,,,,,,,,,,,,,,,,,
93a3439f-57be-d536-82ad-6e9769d7b1b7,IFRS 15,Revenue,Contract modifications,Classification,mcq,A customer adds 100 distinct units to an existing contract at their current stand-alone selling price. How is the modification normally accounted for?,As a separate contract|As termination and replacement|As a cumulative catch-up adjustment|As a financing arrangement,As a separate contract,,strict,"The additional goods are **distinct** and priced at their **stand-alone selling price**, so the modification is a separate contract.",applied,TRUE,,,,,,,,,,,,,,,,,,,,,,,,,,,,,,
9895bd16-b5ce-4ad2-21a3-bad6fbc243c2,IFRS 15,Revenue,Contract modifications,Classification,dropdown,A modification is not a separate contract. The remaining goods are distinct from those already transferred. The original contract is treated as ____ and replaced by a new contract.,continued unchanged|terminated|fully satisfied|impaired,terminated,,strict,"Where remaining goods are distinct, the original contract is treated as **terminated** and replaced by a **new contract** for the remaining goods.",core,TRUE,,,,,,,,,,,,,,,,,,,,,,,,,,,,,,
40b86976-6dea-baa6-a578-6dcfba07635b,IFRS 15,Revenue,Contract modifications,Measurement,multi_select,What is included in the transaction price of a replacement contract when the remaining goods are distinct?,Consideration from the original contract not yet recognised as revenue|Consideration promised in the modification|Revenue already recognised before modification|The carrying amount of inventory|Historic contract acquisition costs,Consideration from the original contract not yet recognised as revenue|Consideration promised in the modification,,strict,The replacement contract includes **unrecognised consideration from the original contract** plus **consideration promised in the modification**.,core,TRUE,,,,,,,,,,,,,,,,,,,,,,,,,,,,,,
253caff5-dbe2-1116-c090-576d491ce2cf,IFRS 15,Revenue,Contract modifications,Classification,mcq,A modification is not a separate contract and the remaining work is not distinct from work already performed. How is the modification accounted for?,As termination and replacement|As a continuation of the original contract with a cumulative catch-up adjustment|As a separate contract|As an executory contract with no accounting effect,As a continuation of the original contract with a cumulative catch-up adjustment,,strict,"Where the remaining work forms part of a single partially satisfied performance obligation, the modification is a **continuation** with a **cumulative catch-up adjustment**.",core,TRUE,,,,,,,,,,,,,,,,,,,,,,,,,,,,,,
6874df8d-3dc5-918a-5295-cbb4ceb28445,IFRS 15,Revenue,Contract modifications,Classification,text,What treatment may be required when a contract modification affects some remaining goods that are distinct and others that are not distinct?,,A combination of termination and replacement treatment and continuation treatment,Combination treatment|A combination of replacement and continuation|Part replacement and part continuation,variants,IFRS 15 may require a **combination** of the replacement-contract and continuation approaches.,tricky,TRUE,,,,,,,,,,,,,,,,,,,,,,,,,,,,,,
81a3f980-c4a5-2a25-5ee5-8d636427e212,IFRS 15,Revenue,Contract modifications,Application,mcq,Rivington provides substantially identical weekly cleaning services over three years using the same transfer pattern. How many performance obligations does the original contract contain?,One|Three|156|A separate obligation for each invoice,One,,strict,"The weekly services form a **series of distinct services** that are substantially the same and have the same transfer pattern, so they are one performance obligation.",applied,TRUE,,,,,,,,,,,,,,,,,,,,,,,,,,,,,,
6c8d6b78-4f4d-dcf4-5620-061456a93584,IFRS 15,Revenue,Contract modifications,Application,mcq,"Rivington extends a cleaning contract by two years. The added services are distinct, but the total added price does not reflect their stand-alone selling prices. How is the modification treated?",As a separate contract|As termination of the original contract and creation of a new contract|As continuation of the original contract|As variable consideration only,As termination of the original contract and creation of a new contract,,strict,"The future services are **distinct**, but the price condition for a separate contract is not met. The original contract is therefore **terminated and replaced**.",applied,TRUE,,,,,,,,,,,,,,,,,,,,,,,,,,,,,,
4c51211b-4cf9-39ad-b986-99933b20c620,IFRS 15,Revenue,Contract modifications,Measurement,calculation,"After modification, Rivington has 140,000 of consideration allocated to three remaining years of cleaning services. What annual revenue should be recognised?",,46667,"46,667|46666.67|46,666.67",variants,"The replacement contract revenue is **140,000 divided by three years**, giving approximately **46,667 per year**.",applied,TRUE,,,,,,,,,,,,,,,,,,,,,,,,,,,,,,
82d79b3c-4e5c-980d-a31f-8e6417f999cf,IFRS 15,Revenue,Contract modifications,Application,mcq,A stadium construction contract is modified to increase the stadium's size. The additional work enhances the same partially completed asset and is not distinct. What treatment applies?,Separate contract|Termination and replacement|Continuation of the original contract|No accounting until completion,Continuation of the original contract,,strict,"The added work is not distinct from the work already performed and remains part of the **same performance obligation**, so the modification is a continuation.",applied,TRUE,,,,,,,,,,,,,,,,,,,,,,,,,,,,,,
97090cf0-a24b-a163-3b38-3b76f8d5face,IFRS 15,Revenue,Contract modifications,Measurement,multi_part,"A modified stadium contract has total consideration of 14,000,000 and revised progress of 35%. Revenue of 4,000,000 was previously recognised. Calculate the required amounts.",,,,variants,"Revised cumulative revenue is **4,900,000** and the immediate **catch-up adjustment is 900,000**.",applied,TRUE,Revised cumulative revenue,text,,4900000,"4,900,000|$4,900,000",Catch-up revenue,text,,900000,"900,000|$900,000",Remaining revenue,text,,9100000,"9,100,000|$9,100,000",,,,,,,,,,,,,,,
f43bacdf-ffbb-7cd1-c8df-e21004758df1,IFRS 15,Revenue,Transaction price changes after modification,Measurement,mcq,Variable consideration was promised before a modification that was accounted for as termination and replacement. A later change in that variable consideration is allocated to which performance obligations?,Only the replacement contract obligations|The performance obligations in the original contract|Only obligations added by the modification|All obligations based on current stand-alone selling prices,The performance obligations in the original contract,,strict,"Where variable consideration was promised before a **replacement modification**, the later change is allocated to obligations in the **original contract**.",tricky,TRUE,,,,,,,,,,,,,,,,,,,,,,,,,,,,,,
38d7bc02-3604-96d5-9383-90aa67d13497,IFRS 15,Revenue,Transaction price changes after modification,Measurement,dropdown,A later variable-consideration change following a modification treated as continuation is allocated to the ____ contract.,original only|modified|terminated|separate financing,modified,,strict,"Where the modification is a **continuation**, or a combination involving continuation, the later change is allocated to the **modified contract**.",tricky,TRUE,,,,,,,,,,,,,,,,,,,,,,,,,,,,,,
f4d40f30-9ad1-bb79-6fff-9f2be606c7a1,IFRS 15,Revenue,Transaction price changes after modification,Measurement,calculation,"Pike's original contract price is 1,400 for components A1 and B2, which have equal stand-alone selling prices. How much revenue is recognised when A1 is delivered?",,700,$700,variants,"Equal stand-alone selling prices mean the original transaction price is split equally, so **700** is allocated to A1.",applied,TRUE,,,,,,,,,,,,,,,,,,,,,,,,,,,,,,
4206f7f1-5494-58b1-b8c6-28b42360fef4,IFRS 15,Revenue,Contract modifications,Application,mcq,"Pike adds distinct component C3 for 400, below its 750 stand-alone selling price. B2 and C3 remain distinct from A1 already delivered. How is the modification accounted for?",As a separate contract|As termination and replacement for the remaining obligations|As continuation with a cumulative catch-up adjustment|As a lease,As termination and replacement for the remaining obligations,,strict,"C3 is distinct but not added at its stand-alone selling price. Because B2 and C3 are distinct from A1, the modification is a **termination and replacement**.",applied,TRUE,,,,,,,,,,,,,,,,,,,,,,,,,,,,,,
20757824-a6d5-0075-2437-18571784409f,IFRS 15,Revenue,Contract modifications,Measurement,calculation,Pike has 700 of original consideration not yet recognised and 400 additional consideration from the modification. What is the initial transaction price of the replacement contract?,,1100,"1,100|$1,100",variants,"The replacement contract includes **700 unrecognised original consideration plus 400 modification consideration**, giving **1,100**.",applied,TRUE,,,,,,,,,,,,,,,,,,,,,,,,,,,,,,
3105065e-e70a-6f40-965b-f82b5e762431,IFRS 15,Revenue,Transaction price changes after modification,Measurement,multi_part,"After Pike's replacement modification, pre-modification variable consideration increases by 100. A1 and B2 had equal stand-alone selling prices. State the allocation and recognition.",,,,variants,"The increase is allocated to the **original contract**, giving **50 to A1** and **50 to B2**. The A1 amount is recognised immediately.",tricky,TRUE,Allocated to A1,text,,50,$50,Treatment of A1 amount,text,,Recognise as revenue immediately,Immediate revenue|Recognise immediately,Allocated to B2,text,,50,$50,Treatment of B2 amount,text,,Include in the consideration carried into the replacement contract,Add to replacement contract price|Include in new contract transaction price,,,,,,,,,,
45b5cd41-4139-5f00-f63a-944156acc5c2,IFRS 15,Revenue,Transaction price changes after modification,Measurement,calculation,"After allocating 50 of the variable-consideration increase to B2, Pike's replacement-contract transaction price is 1,150. B2 and C3 have equal stand-alone selling prices. How much revenue is recognised for each component?",,575,$575 each|575 each,variants,"The revised replacement-contract price of **1,150** is split equally between B2 and C3, giving **575 for each**.",applied,TRUE,,,,,,,,,,,,,,,,,,,,,,,,,,,,,,
2f5c6bad-642c-0d1c-8311-1df2377cdcf2,IFRS 15,Revenue,Contract modifications,Classification,multi_part,Classify each contract modification.,,,,strict,"The treatment depends on whether added goods are **distinct**, whether pricing reflects **stand-alone selling prices**, and whether remaining performance is distinct from performance already provided.",tricky,TRUE,Distinct additions priced at stand-alone selling price,dropdown,Separate contract|Termination and replacement|Continuation,Separate contract,,Remaining goods distinct but separate-contract price test failed,dropdown,Separate contract|Termination and replacement|Continuation,Termination and replacement,,Remaining work not distinct from work already performed,dropdown,Separate contract|Termination and replacement|Continuation,Continuation,,,,,,,,,,,,,,,,
bf71fdc1-8ad8-b4f7-a131-f1e99314b80d,Standard matcher,IFRS Accounting Standards,Standard names,Standards recall,standard_match,IAS 2,,Inventories,,variants,IAS 2 is **Inventories**.,core,TRUE,,,,,,,,,,,,,,,,,,,,,,,,,,,,,,
7918b441-0807-1efb-29cb-b50bfe579a49,Standard matcher,IFRS Accounting Standards,Standard names,Standards recall,standard_match,IAS 7,,Statement of Cash Flows,,variants,IAS 7 is **Statement of Cash Flows**.,core,TRUE,,,,,,,,,,,,,,,,,,,,,,,,,,,,,,
8bd9c61a-0f7b-2a50-d4d0-6334d14ab9fc,Standard matcher,IFRS Accounting Standards,Standard names,Standards recall,standard_match,IAS 8,,Basis of Preparation of Financial Statements,,variants,IAS 8 is **Basis of Preparation of Financial Statements**.,core,TRUE,,,,,,,,,,,,,,,,,,,,,,,,,,,,,,
c34ff9f3-4772-50d7-72af-e5a857e878bb,Standard matcher,IFRS Accounting Standards,Standard names,Standards recall,standard_match,IAS 10,,Events After the Reporting Period,,variants,IAS 10 is **Events After the Reporting Period**.,core,TRUE,,,,,,,,,,,,,,,,,,,,,,,,,,,,,,
23939ad1-741d-c9e5-9159-13b031cb4c15,Standard matcher,IFRS Accounting Standards,Standard names,Standards recall,standard_match,IAS 16,,"Property, Plant and Equipment",,variants,"IAS 16 is **Property, Plant and Equipment**.",core,TRUE,,,,,,,,,,,,,,,,,,,,,,,,,,,,,,
27f7ae12-f285-7834-8940-4c1b68e077c2,Standard matcher,IFRS Accounting Standards,Standard names,Standards recall,standard_match,IAS 19,,Employee Benefits,,variants,IAS 19 is **Employee Benefits**.,core,TRUE,,,,,,,,,,,,,,,,,,,,,,,,,,,,,,
a9505ed7-9ebd-a874-5557-d87a1c418232,Standard matcher,IFRS Accounting Standards,Standard names,Standards recall,standard_match,IAS 20,,Accounting for Government Grants and Disclosure of Government Assistance,,variants,IAS 20 is **Accounting for Government Grants and Disclosure of Government Assistance**.,core,TRUE,,,,,,,,,,,,,,,,,,,,,,,,,,,,,,
fe48ef2b-9f6e-5782-9ea9-07dc2ff6931e,Standard matcher,IFRS Accounting Standards,Standard names,Standards recall,standard_match,IAS 21,,The Effects of Changes in Foreign Exchange Rates,,variants,IAS 21 is **The Effects of Changes in Foreign Exchange Rates**.,core,TRUE,,,,,,,,,,,,,,,,,,,,,,,,,,,,,,
3d92df3a-0ae9-07e7-13f0-f63159280dfc,Standard matcher,IFRS Accounting Standards,Standard names,Standards recall,standard_match,IAS 23,,Borrowing Costs,,variants,IAS 23 is **Borrowing Costs**.,core,TRUE,,,,,,,,,,,,,,,,,,,,,,,,,,,,,,
5303a2ea-d2e4-763d-bf43-1661b824400a,Standard matcher,IFRS Accounting Standards,Standard names,Standards recall,standard_match,IAS 24,,Related Party Disclosures,,variants,IAS 24 is **Related Party Disclosures**.,core,TRUE,,,,,,,,,,,,,,,,,,,,,,,,,,,,,,
3a550238-ee50-ce4d-ac34-336a0ac644c5,Standard matcher,IFRS Accounting Standards,Standard names,Standards recall,standard_match,IAS 27,,Separate Financial Statements,,variants,IAS 27 is **Separate Financial Statements**.,core,TRUE,,,,,,,,,,,,,,,,,,,,,,,,,,,,,,
2b5d401f-1199-a022-c06b-c87647766177,Standard matcher,IFRS Accounting Standards,Standard names,Standards recall,standard_match,IAS 28,,Investments in Associates and Joint Ventures,,variants,IAS 28 is **Investments in Associates and Joint Ventures**.,core,TRUE,,,,,,,,,,,,,,,,,,,,,,,,,,,,,,
d19d48d6-4b2d-38fc-0527-f76487789f62,Standard matcher,IFRS Accounting Standards,Standard names,Standards recall,standard_match,IAS 32,,Financial Instruments: Presentation,,variants,IAS 32 is **Financial Instruments: Presentation**.,core,TRUE,,,,,,,,,,,,,,,,,,,,,,,,,,,,,,
863aa22e-bded-fbcc-3a87-521b21977145,Standard matcher,IFRS Accounting Standards,Standard names,Standards recall,standard_match,IAS 33,,Earnings per Share,,variants,IAS 33 is **Earnings per Share**.,core,TRUE,,,,,,,,,,,,,,,,,,,,,,,,,,,,,,
931aaa7c-6d70-4fc6-2a03-d5f2b6ea3d72,Standard matcher,IFRS Accounting Standards,Standard names,Standards recall,standard_match,IAS 34,,Interim Financial Reporting,,variants,IAS 34 is **Interim Financial Reporting**.,core,TRUE,,,,,,,,,,,,,,,,,,,,,,,,,,,,,,
ac082eb0-e5da-71c0-fe67-4d9d4aec2d2c,Standard matcher,IFRS Accounting Standards,Standard names,Standards recall,standard_match,IAS 36,,Impairment of Assets,,variants,IAS 36 is **Impairment of Assets**.,core,TRUE,,,,,,,,,,,,,,,,,,,,,,,,,,,,,,
77ca1eab-df00-0bd0-7a1a-aeda665c95db,Standard matcher,IFRS Accounting Standards,Standard names,Standards recall,standard_match,IAS 37,,"Provisions, Contingent Liabilities and Contingent Assets",,variants,"IAS 37 is **Provisions, Contingent Liabilities and Contingent Assets**.",core,TRUE,,,,,,,,,,,,,,,,,,,,,,,,,,,,,,
90138f9c-074d-aa12-4a3f-e7183000a9d4,Standard matcher,IFRS Accounting Standards,Standard names,Standards recall,standard_match,IAS 38,,Intangible Assets,,variants,IAS 38 is **Intangible Assets**.,core,TRUE,,,,,,,,,,,,,,,,,,,,,,,,,,,,,,
9d6bc7bc-9e59-ef2b-a7ff-c857692133d1,Standard matcher,IFRS Accounting Standards,Standard names,Standards recall,standard_match,IAS 40,,Investment Property,,variants,IAS 40 is **Investment Property**.,core,TRUE,,,,,,,,,,,,,,,,,,,,,,,,,,,,,,
2b4f160c-c4e9-ec98-6c97-38f420242f5f,Standard matcher,IFRS Accounting Standards,Standard names,Standards recall,standard_match,IAS 41,,Agriculture,,variants,IAS 41 is **Agriculture**.,core,TRUE,,,,,,,,,,,,,,,,,,,,,,,,,,,,,,
9de337be-c7c9-fec9-2560-616edbd2ea2f,Standard matcher,IFRS Accounting Standards,Standard names,Standards recall,standard_match,IFRS 1,,First-time Adoption of International Financial Reporting Standards,,variants,IFRS 1 is **First-time Adoption of International Financial Reporting Standards**.,core,TRUE,,,,,,,,,,,,,,,,,,,,,,,,,,,,,,
863f6f79-e58e-54e7-4bb0-0d34c850508d,Standard matcher,IFRS Accounting Standards,Standard names,Standards recall,standard_match,IFRS 2,,Share-based Payment,,variants,IFRS 2 is **Share-based Payment**.,core,TRUE,,,,,,,,,,,,,,,,,,,,,,,,,,,,,,
50856a71-702e-a66c-2f76-61fac0154d68,Standard matcher,IFRS Accounting Standards,Standard names,Standards recall,standard_match,IFRS 3,,Business Combinations,,variants,IFRS 3 is **Business Combinations**.,core,TRUE,,,,,,,,,,,,,,,,,,,,,,,,,,,,,,
2c5e9c52-93dd-6633-d15f-4bd489f55f7d,Standard matcher,IFRS Accounting Standards,Standard names,Standards recall,standard_match,IFRS 5,,Non-current Assets Held for Sale and Discontinued Operations,,variants,IFRS 5 is **Non-current Assets Held for Sale and Discontinued Operations**.,core,TRUE,,,,,,,,,,,,,,,,,,,,,,,,,,,,,,
b1880230-06ea-ac29-994d-6437bec1830c,Standard matcher,IFRS Accounting Standards,Standard names,Standards recall,standard_match,IFRS 7,,Financial Instruments: Disclosures,,variants,IFRS 7 is **Financial Instruments: Disclosures**.,core,TRUE,,,,,,,,,,,,,,,,,,,,,,,,,,,,,,
cef91529-d518-4ec7-1289-eed3fa4983ca,Standard matcher,IFRS Accounting Standards,Standard names,Standards recall,standard_match,IFRS 8,,Operating Segments,,variants,IFRS 8 is **Operating Segments**.,core,TRUE,,,,,,,,,,,,,,,,,,,,,,,,,,,,,,
c19a77b1-5cb0-4f96-feb8-97bbb4067859,Standard matcher,IFRS Accounting Standards,Standard names,Standards recall,standard_match,IFRS 9,,Financial Instruments,,variants,IFRS 9 is **Financial Instruments**.,core,TRUE,,,,,,,,,,,,,,,,,,,,,,,,,,,,,,
0fa8b467-8927-695e-2179-b721a3cf2719,Standard matcher,IFRS Accounting Standards,Standard names,Standards recall,standard_match,IFRS 10,,Consolidated Financial Statements,,variants,IFRS 10 is **Consolidated Financial Statements**.,core,TRUE,,,,,,,,,,,,,,,,,,,,,,,,,,,,,,
4c04d08a-120b-5a82-04d8-797522ad41eb,Standard matcher,IFRS Accounting Standards,Standard names,Standards recall,standard_match,IFRS 11,,Joint Arrangements,,variants,IFRS 11 is **Joint Arrangements**.,core,TRUE,,,,,,,,,,,,,,,,,,,,,,,,,,,,,,
90b34c4a-6125-0c1e-5647-2371c39fcedb,Standard matcher,IFRS Accounting Standards,Standard names,Standards recall,standard_match,IFRS 12,,Disclosure of Interests in other Entities,,variants,IFRS 12 is **Disclosure of Interests in other Entities**.,core,TRUE,,,,,,,,,,,,,,,,,,,,,,,,,,,,,,
8ea7c1e7-8392-bbb6-e0fc-5f9f3fdacaf3,Standard matcher,IFRS Accounting Standards,Standard names,Standards recall,standard_match,IFRS 13,,Fair Value Measurement,,variants,IFRS 13 is **Fair Value Measurement**.,core,TRUE,,,,,,,,,,,,,,,,,,,,,,,,,,,,,,
c99ae59b-a9c6-dcd1-9900-101eddb60b37,Standard matcher,IFRS Accounting Standards,Standard names,Standards recall,standard_match,IFRS 15,,Revenue from Contracts with Customers,,variants,IFRS 15 is **Revenue from Contracts with Customers**.,core,TRUE,,,,,,,,,,,,,,,,,,,,,,,,,,,,,,
dddee126-1ecb-1be3-2f1e-0272f4e65168,Standard matcher,IFRS Accounting Standards,Standard names,Standards recall,standard_match,IFRS 16,,Leases,,variants,IFRS 16 is **Leases**.,core,TRUE,,,,,,,,,,,,,,,,,,,,,,,,,,,,,,
22221ea7-45b6-1498-9903-f23f4e3ad0f4,Standard matcher,IFRS Accounting Standards,Standard names,Standards recall,standard_match,IFRS 18,,Presentation and Disclosure in Financial Statements,,variants,IFRS 18 is **Presentation and Disclosure in Financial Statements**.,core,TRUE,,,,,,,,,,,,,,,,,,,,,,,,,,,,,,
c81e8563-f79e-8896-c418-5dd6136178c2,Standard matcher,IFRS Accounting Standards,Standard names,Standards recall,standard_match,IFRS 19,,Subsidiaries without Public Accountability,,variants,IFRS 19 is **Subsidiaries without Public Accountability**.,core,TRUE,,,,,,,,,,,,,,,,,,,,,,,,,,,,,,
d4fd29a2-0236-5eea-fbee-7223c03b20d3,Standard matcher,IFRS Accounting Standards,Standard names,Standards recall,standard_match,IFRS for SMEs,,IFRS for Small and Medium-sized Entities,,variants,IFRS for SMEs is **IFRS for Small and Medium-sized Entities**.,core,TRUE,,,,,,,,,,,,,,,,,,,,,,,,,,,,,,
e7e99398-13be-97af-d9ce-fbfa68377f72,Standard matcher,IFRS Sustainability Disclosure Standards,Standard names,Standards recall,standard_match,IFRS S1,,General Requirements for Disclosure of Sustainability-related Financial Information,,variants,IFRS S1 is **General Requirements for Disclosure of Sustainability-related Financial Information**.,core,TRUE,,,,,,,,,,,,,,,,,,,,,,,,,,,,,,
edc70b15-06ab-d2ad-07ef-54101e6aad07,Standard matcher,IFRS Sustainability Disclosure Standards,Standard names,Standards recall,standard_match,IFRS S2,,Climate-related Disclosures,,variants,IFRS S2 is **Climate-related Disclosures**.,core,TRUE,,,,,,,,,,,,,,,,,,,,,,,,,,,,,,
032289f3-13a7-e7c7-e6b3-077021e61d63,Standard matcher,Other Statements,Standard names,Standards recall,standard_match,Conceptual Framework,,Conceptual Framework for Financial Reporting,,variants,The Conceptual Framework is **Conceptual Framework for Financial Reporting**.,core,TRUE,,,,,,,,,,,,,,,,,,,,,,,,,,,,,,
8842df2a-6604-abad-bbde-3acbc58a67ec,Standard matcher,Other Statements,Standard names,Standards recall,standard_match,IFRS Practice Statements 1&2,,Management Commentary and Making Materiality Judgements,,variants,IFRS Practice Statements 1&2 are **Management Commentary and Making Materiality Judgements**.,core,TRUE,,,,,,,,,,,,,,,,,,,,,,,,,,,,,,
7bf075ed-aa9a-1e13-47c8-bdfe54676aed,IFRS 15,Revenue,Significant financing component,Measurement,text,"For a significant financing component, what rate should be used to adjust the promised consideration?",,the rate reflecting credit characteristics of the party receiving financing,discount rate reflecting credit characteristics|rate reflecting credit characteristics|customer cash price discount rate,variants,"This captures the Calibra nuance: the discounting rate should reflect the **credit characteristics of the party receiving financing**, not simply a convenient market rate.",applied,TRUE,,,,,,,,,,,,,,,,,,,,,,,,,,,,,,
c3870d60-5a71-a7d8-070b-36810c4f05bd,IFRS 15,Revenue,Transfer of control,Recognition,mcq,A property developer retains title and possession during construction. When is revenue recognised if control only passes on completion?,When the contract is signed|When cash is received|When construction is completed and control passes|Over time during construction,When construction is completed and control passes,,strict,"This avoids premature revenue recognition: if title, possession and control transfer only on completion, revenue is recognised **at that point**, even if cash was received earlier.",core,TRUE,,,,,,,,,,,,,,,,,,,,,,,,,,,,,,
6037e1ee-501a-433e-4f64-c0317e15eab3,IFRS 15,Revenue,Gift cards,Recognition,dropdown,Cash received from selling a gift card is initially recognised as a ____ because the performance obligation has not yet been satisfied.,contract liability|revenue|refund liability|financial liability,contract liability,,strict,"This adds a high-frequency retail scenario: gift cards are **prepayments**, so revenue waits until goods/services are transferred or breakage is recognised.",core,TRUE,,,,,,,,,,,,,,,,,,,,,,,,,,,,,,
46584306-195f-2922-364f-97fa9c85167e,IFRS 15,Revenue,Breakage,Recognition,mcq,"If expected gift card breakage can be estimated reliably and revenue reversal is highly improbable, how is breakage revenue recognised?",Immediately in full|In proportion to the pattern of rights exercised|Only when the card expires|Never recognised,In proportion to the pattern of rights exercised,,strict,"This tests the nuance beyond gift-card liability: reliable expected breakage is recognised **in proportion to rights exercised**, not automatically upfront.",tricky,TRUE,,,,,,,,,,,,,,,,,,,,,,,,,,,,,,
a3d3c502-5ea4-ec97-3572-9d0982e30674,IFRS 15,Revenue,Royalties,Recognition,text,"For a usage-based royalty, when should revenue generally be recognised?",,as the usage occurs,when usage occurs|as usage occurs|when the customer uses the licence|based on usage,variants,"This targets Kiki’s royalty point: usage-based royalties are recognised **as usage occurs**, assuming contract criteria remain met.",core,TRUE,,,,,,,,,,,,,,,,,,,,,,,,,,,,,,
daaad289-424e-a815-84be-37bd6ce97d64,IFRS 15,Revenue,Contract criteria,Recognition,multi_part,Complete the collectability rule: IFRS 15 contract criteria are reassessed only if there is a significant change in ____ and ____.,,,,variants,This adds the important exam nuance that collectability is not continuously re-tested without reason; reassess contract criteria only after a **significant change in facts and circumstances**.,applied,TRUE,First gap,text,,facts,,Second gap,text,,circumstances,,,,,,,,,,,,,,,,,,,,,
a92d5246-965a-aadb-dfd9-e277d6f11165,IFRS 15,Revenue,Consignment arrangements,Classification,multi_select,Which indicators suggest a consignment arrangement where the manufacturer retains control?,Dealer can set any price permanently|Manufacturer controls product until sale to end customer|Manufacturer can require return or transfer of product|Dealer has no unconditional obligation to pay|Dealer has legal title immediately,Manufacturer controls product until sale to end customer|Manufacturer can require return or transfer of product|Dealer has no unconditional obligation to pay,,strict,"This tests the consignment indicators efficiently: control has not passed if the supplier still controls the product, can require return/transfer, and the dealer lacks an **unconditional payment obligation**.",applied,TRUE,,,,,,,,,,,,,,,,,,,,,,,,,,,,,,
00ab6e8b-8919-0078-697a-2dcc8572e07a,IFRS 15,Revenue,Right of return,Presentation,dropdown,"For goods expected to be returned, the seller recognises a refund ____ rather than revenue.",asset|liability|expense|provision,liability,,strict,This adds the right-of-return structure: expected returns are excluded from revenue and create a **refund liability**.,core,TRUE,,,,,,,,,,,,,,,,,,,,,,,,,,,,,,
052c2844-e817-f893-f3c1-40e7e1b46ad3,IFRS 15,Revenue,Right of return,Presentation,text,What asset is recognised for the seller’s right to recover inventory expected to be returned?,,right of return asset,right-of-return asset|asset for right to recover products|right to recover returned inventory,variants,"This tests the often-missed second side of return accounting: recognise a **right-of-return asset** for inventory expected back, subject to recoverability.",applied,TRUE,,,,,,,,,,,,,,,,,,,,,,,,,,,,,,
,,,,,,,,,,,,,,,,,,,,,,,,,,,,,,,,,,,,,,,,,,,
,,,,,,,,,,,,,,,,,,,,,,,,,,,,,,,,,,,,,,,,,,,
,,,,,,,,,,,,,,,,,,,,,,,,,,,,,,,,,,,,,,,,,,,
,,,,,,,,,,,,,,,,,,,,,,,,,,,,,,,,,,,,,,,,,,,
,,,,,,,,,,,,,,,,,,,,,,,,,,,,,,,,,,,,,,,,,,,
,,,,,,,,,,,,,,,,,,,,,,,,,,,,,,,,,,,,,,,,,,,
